Temperature,Max Tokens,Presence Penalty,Frequency Penalty,Output
0.0,50,0.0,0.0,"Introducing the iPhone 13 Pro, the pinnacle of innovation and technology in the world of smartphones. This cutting-edge device boasts a stunning 6.1-inch Super Retina XDR display, providing an immersive viewing experience like never before. Powered by"
0.0,50,0.0,1.5,"Introducing the iPhone 13 Pro, a cutting-edge smartphone that redefines excellence in mobile technology. Boasting a stunning 6.1-inch Super Retina XDR display with ProMotion for smooth scrolling and an A15 Bionic chip for lightning"
0.0,50,1.5,0.0,"Introducing the iPhone 13 Pro, the pinnacle of innovation and technology in the world of smartphones. With its stunning design and cutting-edge features, this device is sure to elevate your mobile experience like never before.

The iPhone 13 Pro boasts a beautiful"
0.0,50,1.5,1.5,"Introducing the iPhone 13 Pro, a cutting-edge smartphone that redefines excellence in mobile technology. Boasting a stunning Super Retina XDR display with ProMotion for smooth scrolling and an A15 Bionic chip for lightning-fast performance, this device"
0.0,150,0.0,0.0,"Introducing the iPhone 13 Pro, the latest innovation from Apple that redefines what a smartphone can do. With its stunning 6.1-inch Super Retina XDR display, you'll experience vivid colors and true-to-life detail like never before. The powerful A15 Bionic chip ensures seamless performance, whether you're multitasking, gaming, or streaming your favorite content.

Capture every moment in breathtaking detail with the triple-camera system, featuring a 12MP ultra-wide, wide, and telephoto lens. From stunning portraits to cinematic videos, the iPhone 13 Pro delivers professional-quality results every time. And with advanced features like Night mode, Smart HDR 4, and ProRAW, your creativity knows no bounds.

Stay connected and productive all"
0.0,150,0.0,1.5,"Introducing the iPhone 13 Pro, a cutting-edge smartphone that redefines excellence in mobile technology. With its stunning 6.1-inch Super Retina XDR display, you'll experience vibrant colors and incredible detail like never before.

Powered by the lightning-fast A15 Bionic chip, this device delivers unparalleled performance for seamless multitasking and gaming. Capture every moment in breathtaking clarity with the triple-camera system featuring Ultra Wide, Wide, and Telephoto lenses.

The iPhone 13 Pro boasts enhanced durability with Ceramic Shield front cover glass and surgical-grade stainless steel frame. Enjoy all-day battery life and fast charging capabilities to keep you connected throughout your busy day.

Experience next-level security with Face ID technology for effortless unlocking and secure authentication. And with support for"
0.0,150,1.5,0.0,"Introducing the iPhone 13 Pro, a cutting-edge smartphone that redefines excellence in mobile technology. Boasting a stunning Super Retina XDR display with ProMotion for smooth scrolling and an A15 Bionic chip for lightning-fast performance, this device is designed to elevate your digital experience.

Capture every moment in unparalleled detail with the triple-camera system, featuring Ultra Wide, Wide, and Telephoto lenses, as well as advanced computational photography capabilities. The iPhone 13 Pro also offers impressive battery life, ensuring you stay connected throughout your day.

With its sleek design, Ceramic Shield front cover, and durable stainless steel frame, the iPhone 13 Pro not only looks premium but is built to last. Experience the future of mobile innovation with the iPhone 13"
0.0,150,1.5,1.5,"Introducing the iPhone 13 Pro, a cutting-edge smartphone that redefines excellence in mobile technology. With its stunning design and advanced features, this device is sure to elevate your digital experience.

The iPhone 13 Pro boasts a beautiful Super Retina XDR display with ProMotion technology, delivering crisp visuals and smooth scrolling for an immersive viewing experience. Powered by the lightning-fast A15 Bionic chip, this phone offers unparalleled performance for seamless multitasking and gaming.

Capture every moment in extraordinary detail with the triple-camera system featuring Ultra Wide, Wide, and Telephoto lenses. From breathtaking landscapes to intimate portraits, the iPhone 13 Pro ensures exceptional photo quality under any lighting conditions.

Stay connected all day long thanks to improved battery life and fast charging capabilities."
0.0,300,0.0,0.0,"Introducing the iPhone 13 Pro, the pinnacle of innovation and technology in the world of smartphones. This cutting-edge device boasts a stunning 6.1-inch Super Retina XDR display, providing an immersive viewing experience like never before. Powered by the lightning-fast A15 Bionic chip, the iPhone 13 Pro delivers unparalleled performance, making multitasking a breeze and ensuring smooth operation of even the most demanding apps.

Capture every moment in exquisite detail with the advanced triple-camera system, featuring a 12MP ultra-wide, wide, and telephoto lens. From breathtaking landscapes to stunning portraits, the iPhone 13 Pro lets you unleash your creativity and take your photography skills to the next level. With features like Night mode, Deep Fusion, and Smart HDR 4, your photos and videos will always look their best, no matter the lighting conditions.

Stay connected and productive all day long with the iPhone 13 Pro's impressive battery life and 5G capabilities. Whether you're streaming your favorite content, video calling friends and family, or working on-the-go, this device has you covered. And with enhanced security features like Face ID, your personal information is always safe and secure.

Experience the future of mobile technology with the iPhone 13 Pro. Sleek, powerful, and packed with features, this device is designed to elevate your everyday life and keep you ahead of the curve. Choose the iPhone 13 Pro and discover a world of endless possibilities at your fingertips."
0.0,300,0.0,1.5,"Introducing the iPhone 13 Pro, a cutting-edge smartphone that redefines excellence in mobile technology. Boasting a stunning 6.1-inch Super Retina XDR display with ProMotion for smooth scrolling and an A15 Bionic chip for lightning-fast performance, this device is designed to elevate your digital experience.

Capture every moment in unparalleled detail with the triple-camera system featuring Ultra Wide, Wide, and Telephoto lenses. The advanced photography capabilities of the iPhone 13 Pro allow you to take professional-quality photos and videos with ease.

Stay connected all day long thanks to improved battery life and 5G connectivity for faster downloads and streaming. With its sleek design, durable Ceramic Shield front cover, and water resistance up to 6 meters for 30 minutes, the iPhone 13 Pro is built to withstand whatever comes your way.

Experience innovation at its finest with Face ID for secure authentication, MagSafe technology for effortless wireless charging, and iOS updates that keep you ahead of the curve. Elevate your mobile experience with the iPhone 13 Pro – where power meets sophistication."
0.0,300,1.5,0.0,"Introducing the iPhone 13 Pro, the pinnacle of innovation and technology in the world of smartphones. This cutting-edge device boasts a stunning 6.1-inch Super Retina XDR display that delivers true-to-life colors and incredible brightness. Powered by the lightning-fast A15 Bionic chip, the iPhone 13 Pro offers unparalleled performance for seamless multitasking and gaming.

Capture every moment in exquisite detail with the triple-camera system, featuring an ultra-wide, wide, and telephoto lens. From breathtaking landscapes to intimate portraits, the iPhone 13 Pro ensures your photos and videos are nothing short of spectacular. Take your creativity to new heights with advanced photography features like Night mode, Deep Fusion, and ProRAW.

Stay connected and productive all day long with the iPhone 13 Pro's impressive battery life and 5G capabilities. Whether you're streaming content, video calling friends, or working on-the-go, this device keeps up with your busy lifestyle. With its sleek design, durable Ceramic Shield front cover, and industry-leading privacy features, the iPhone 13 Pro is the perfect blend of style and substance.

Experience the future of mobile technology with the iPhone 13 Pro – where power meets sophistication, and innovation knows no bounds."
0.0,300,1.5,1.5,"Introducing the iPhone 13 Pro, a cutting-edge smartphone that redefines excellence in mobile technology. Boasting a stunning Super Retina XDR display with ProMotion for smooth scrolling and an A15 Bionic chip for lightning-fast performance, this device is designed to elevate your digital experience.

Capture every moment in unparalleled detail with the advanced triple-camera system featuring Ultra Wide, Wide, and Telephoto lenses. The new Cinematic mode allows you to shoot professional-quality videos with depth-of-field effects like never before.

With its sleek design and durable Ceramic Shield front cover, the iPhone 13 Pro not only looks premium but also offers enhanced durability against drops and scratches. And thanks to its industry-leading battery life, you can stay connected all day long without worrying about running out of power.

Experience next-level security with Face ID facial recognition technology that ensures your personal information stays safe at all times. Whether you're streaming content, gaming on-the-go or staying productive while multitasking - the iPhone 13 Pro delivers exceptional performance across every task.

Elevate your mobile experience with the iPhone 13 Pro – where innovation meets sophistication seamlessly in one powerful device."
0.7,50,0.0,0.0,"Introducing the iPhone 13 Pro, the latest innovation in smartphone technology from Apple. Boasting a stunning 6.1-inch Super Retina XDR display, this phone delivers an immersive viewing experience with vibrant colors and sharp details. Powered by the"
0.7,50,0.0,1.5,Experience the pinnacle of smartphone technology with the iPhone 13 Pro. This cutting-edge device boasts a stunning 6.1-inch Super Retina XDR display that brings your content to life with vibrant colors and sharp detail. Powered by the lightning-fast A
0.7,50,1.5,0.0,"Introducing the iPhone 13 Pro, a true flagship device that combines cutting-edge technology with sleek design. Featuring a stunning Super Retina XDR display with ProMotion for smoother scrolling and enhanced visuals, this smartphone delivers an immersive viewing experience like never before"
0.7,50,1.5,1.5,"Introducing the iPhone 13 Pro -- a powerhouse of innovation and sophistication that sets new standards for smartphone performance. With its stunning 6.1-inch Super Retina XDR display, you'll experience vibrant colors and crisp details like never before.

Equ"
0.7,150,0.0,0.0,"Introducing the iPhone 13 Pro, the pinnacle of innovation and performance in the world of smartphones. With its stunning design and cutting-edge technology, this device is a must-have for those who demand the very best.

Featuring a gorgeous Super Retina XDR display with ProMotion technology, the iPhone 13 Pro delivers an immersive viewing experience with true-to-life colors and unparalleled clarity. Powered by the A15 Bionic chip, this device offers lightning-fast performance, making multitasking seamless and demanding tasks a breeze.

Capture every moment in stunning detail with the triple-camera system, which includes an ultra-wide, wide, and telephoto lens. From breathtaking landscapes to intimate portraits, the iPhone 13 Pro ensures that your photos and videos look professional-grade every"
0.7,150,0.0,1.5,"Discover the power of innovation with the iPhone 13 Pro. This cutting-edge smartphone delivers an unparalleled user experience with its advanced features and sleek design. Equipped with a stunning Super Retina XDR display, you can enjoy crystal-clear visuals and vibrant colors like never before.

Capture every moment in stunning detail with the triple-camera system, which includes ultra-wide, wide, and telephoto lenses for professional-quality photos and videos. The A15 Bionic chip ensures lightning-fast performance for seamless multitasking and gaming.

Stay connected throughout the day thanks to improved battery life that lasts longer than ever before. With 5G capabilities, you can stream content, download files, and video chat at blazing speeds.

Experience next-level security with Face ID technology that keeps your"
0.7,150,1.5,0.0,"Introducing the iPhone 13 Pro - the epitome of innovation and sophistication in mobile technology. With its stunning design featuring a Ceramic Shield front cover, surgical-grade stainless steel frame, and precision-milled back glass, the iPhone 13 Pro is both durable and elegant.

Equipped with the powerful A15 Bionic chip, this device offers unparalleled performance, enabling seamless multitasking, gaming, and content creation. The ProMotion display delivers an immersive viewing experience with smooth scrolling and enhanced responsiveness.

Capture every moment in incredible detail with the advanced triple-camera system, including ultra-wide, wide, and telephoto lenses. The new Cinematic mode allows you to shoot professional-quality videos with depth-of-field effects, while Night mode ensures stunning photos even in low light"
0.7,150,1.5,1.5,"Experience the cutting-edge technology and sleek design of the iPhone 13 Pro. This flagship smartphone boasts a stunning Super Retina XDR display with ProMotion for smooth scrolling and an immersive viewing experience. Capture every moment in incredible detail with its triple-camera system, featuring advanced computational photography capabilities.

Powered by the lightning-fast A15 Bionic chip, the iPhone 13 Pro delivers unparalleled performance for seamless multitasking and gaming. Stay connected all day long thanks to improved battery life, while enjoying enhanced security features like Face ID for effortless authentication.

With its durable Ceramic Shield front cover and surgical-grade stainless steel frame, the iPhone 13 Pro is as stylish as it is sturdy. Choose from a range of eye-catching colors to match your personal style.

Elevate"
0.7,300,0.0,0.0,"Introducing the cutting-edge iPhone 13 Pro, the pinnacle of innovation and sophistication in the world of smartphones. Featuring a stunning 6.1-inch Super Retina XDR display, this device offers vibrant colors and incredible clarity for an immersive visual experience like never before.

Powered by the lightning-fast A15 Bionic chip, the iPhone 13 Pro delivers unparalleled performance, making multitasking seamless and gaming lightning quick. Capture every moment in stunning detail with the triple-camera system, including a 12MP ultra-wide, wide, and telephoto lens, allowing you to take professional-quality photos and videos with ease.

Stay connected and productive all day long with the long-lasting battery life and lightning-fast 5G connectivity. With advanced features such as Face ID for secure authentication and iOS 15 for a seamless user experience, the iPhone 13 Pro is the perfect blend of power, performance, and style.

Experience the future of technology with the iPhone 13 Pro – where innovation meets elegance."
0.7,300,0.0,1.5,"Introducing the iPhone 13 Pro, a pinnacle of innovation and excellence in smartphone technology. With its stunning design and cutting-edge features, this device is set to revolutionize your mobile experience.

Featuring a beautiful Super Retina XDR display that offers crisp detail and vibrant colors, the iPhone 13 Pro provides an immersive viewing experience like no other. Powered by the ultra-fast A15 Bionic chip, this phone delivers lightning-fast performance for seamless multitasking and gaming.

Capture life's precious moments with unparalleled clarity using the advanced triple-camera system on the iPhone 13 Pro. From breathtaking wide-angle shots to detailed close-ups, every photo will be a masterpiece thanks to features like Night mode and Deep Fusion.

Stay connected all day long with improved battery life on the iPhone 13 Pro. Whether you're streaming videos or browsing social media, you can count on this device to keep up with your busy lifestyle without missing a beat.

Experience security like never before with Face ID technology that ensures only you can unlock your phone securely. And with support for 5G connectivity, you can enjoy faster download speeds and smoother streaming wherever you go.

Elevate your mobile experience to new heights with the iPhone 13 Pro – where style meets substance in one extraordinary device."
0.7,300,1.5,0.0,"Introducing the iPhone 13 Pro, the latest innovation from Apple that combines cutting-edge technology with sleek design. With its stunning 6.1-inch Super Retina XDR display, you'll experience vibrant colors and sharp details like never before. Powered by the A15 Bionic chip, this phone delivers lightning-fast performance for seamless multitasking and gaming.

Capture every moment in stunning detail with the triple-camera system, featuring a 12MP ultra-wide, wide, and telephoto lens. The advanced camera features Night mode, Deep Fusion, and Smart HDR for professional-quality photos and videos in any lighting condition. Take your selfies to the next level with the TrueDepth front camera and Portrait mode.

Stay connected all day long with the iPhone 13 Pro's improved battery life, lasting up to 22 hours of talk time. And with 5G capabilities, you can stream content, download files, and video call with crystal-clear quality at lightning speed. Plus, keep your data secure with Face ID, the most secure facial authentication in a smartphone.

Experience the ultimate blend of performance, style, and innovation with the iPhone 13 Pro. Choose from four beautiful finishes - Graphite, Gold, Silver, and Sierra Blue - and elevate your mobile experience to new heights."
0.7,300,1.5,1.5,"Introducing the iPhone 13 Pro, a cutting-edge device that combines power and style like never before. With its stunning Super Retina XDR display, every image comes to life with vibrant colors and deep blacks. The A15 Bionic chip ensures lightning-fast performance for seamless multitasking and gaming.

Capture your most precious moments in unprecedented detail with the triple-camera system featuring ultra-wide, wide, and telephoto lenses. Night mode allows you to take bright photos even in low light conditions while cinematic mode adds a professional touch to your videos.

The iPhone 13 Pro is designed with durability in mind, featuring Ceramic Shield front cover glass for improved drop performance. And with an impressive battery life that lasts all day long, you can stay connected without worrying about running out of power.

Experience the future of smartphones with the iPhone 13 Pro – where innovation meets elegance in one exceptional device. Elevate your mobile experience today!"
1.2,50,0.0,0.0,"Discover the cutting-edge innovation of the iPhone 13 Pro, a flagship device that sets new standards for performance and luxury. With its stunning Super Retina XDR display, the iPhone 13 Pro showcases vivid colors and crisp details like never before.

Powered"
1.2,50,0.0,1.5,"Discover the power of innovation with the iPhone 13 Pro. This cutting-edge smartphone boasts a stunning Super Retina XDR display, offering a crystal-clear and immersive viewing experience. Equipped with the powerful A15 Bionic chip, the iPhone 13"
1.2,50,1.5,0.0,"Introducing the iPhone 13 Pro – a masterpiece of innovation and craftsmanship. With its stunning 6.1-inch Super Retina XDR display, this latest addition to the iPhone lineup offers an unparalleled visual experience with brighter colors, deeper blacks, and"
1.2,50,1.5,1.5,"Introducing the latest innovation in smartphone technology, the iPhone 13 Pro. Designed to elevate your mobile experience, this cutting-edge device boasts a stunning 6.1-inch Super Retina XDR display that delivers true-to-life colors and incredible brightness."
1.2,150,0.0,0.0,"Introducing the iPhone 13 Pro, the pinnacle of innovation and sophistication in smartphone technology. Elevate your mobile experience with this stunning device that boasts cutting-edge features and unmatched performance.

The iPhone 13 Pro is powered by the latest A15 Bionic chip, delivering lightning-fast processing speeds and top-notch efficiency. From gaming to multitasking, this device effortlessly handles it all with ease. The advanced camera system takes your photography and videography to new heights, capturing jaw-dropping quality and detail in any lighting conditions.

Get lost in the immersive Super Retina XDR display, featuring ProMotion technology for smooth scrolling and fluid interactions. The sleek and durable design is both beautiful and practical, with Ceramic Shield for added durability and a range of stunning finishes to"
1.2,150,0.0,1.5,"Introducing the iPhone 13 Pro, a masterpiece of precision engineering and cutting-edge technology. This flagship smartphone redefines performance with its powerful A15 Bionic chip, delivering lightning-fast speeds and unparalleled efficiency.

Equipped with a stunning Super Retina XDR display, the iPhone 13 Pro offers incredible clarity and brightness for an immersive viewing experience. From scrolling through social media to streaming your favorite movies in HDR, every detail looks vibrant and lifelike on this advanced display.

Capture memories like never before with the new triple-camera system featuring ultra-wide, wide, and telephoto lenses. The innovative camera technology enhances low-light performance for breathtaking night mode shots while providing enhanced control over depth of field in Portrait mode.

Security is paramount with Face ID technology that"
1.2,150,1.5,0.0,"Introducing the iPhone 13 Pro - an epitome of innovation and elegance. The iPhone 13 Pro combines cutting-edge technology with sleek design, delivering a seamless user experience like no other.

Featuring a stunning Super Retina XDR display, the iPhone 13 Pro offers vivid colors and true blacks for a mesmerizing visual experience. Equipped with the powerful A15 Bionic chip, this smartphone ensures lightning-fast performance and efficiency for all your tasks, from browsing the web to playing graphics-intensive games.

Capture every moment in stunning detail with the advanced triple-camera system, including ultra-wide, wide, and telephoto lenses. The iPhone 13 Pro's camera system enables you to take professional-quality photos and videos, even in low-light conditions.

Stay"
1.2,150,1.5,1.5,"Introducing the iPhone 13 Pro, a powerfully advanced smartphone that combines cutting-edge technology with sleek design. Engineered to redefine what's possible in mobile photography and performance, this flagship device boasts a stunning 6.1-inch Super Retina XDR display for unparalleled clarity and color accuracy.

Equipped with Apple's latest A15 Bionic chip, the iPhone 13 Pro delivers lightning-fast speeds for seamless multitasking and gaming experiences. Capture every moment in breathtaking detail with its triple-camera system featuring ultra-wide, wide, and telephoto lenses that work together to provide professional-grade photos and videos even in low-light conditions.

Stay productive all day long thanks to improved battery life while enjoying immersive sound quality with spatial audio support. The iPhone 13 Pro"
1.2,300,0.0,0.0,"Introducing the iPhone 13 Pro - the next generation of innovation and excellence from Apple. This premium smartphone boasts a stunning 6.1-inch Super Retina XDR display that will dazzle you with true-to-life colors and sharp clarity. Powered by the lightning-fast A15 Bionic chip, the iPhone 13 Pro effortlessly handles even the most demanding tasks with ease.

Capture the world in breathtaking detail with the triple-camera system, featuring 12MP Ultra Wide, Wide, and Telephoto lenses. Whether you're taking stunning landscapes or close-up portraits, the iPhone 13 Pro delivers unparalleled image quality that will elevate your photography game.

Stay powered throughout the day with the long-lasting battery life and enjoy faster 5G connectivity for seamless streaming and browsing. Plus, with advanced Face ID technology, your iPhone 13 Pro offers enhanced security and convenience.

Experience the pinnacle of performance, design, and creativity with the iPhone 13 Pro - redefine what's possible with a smartphone."
1.2,300,0.0,1.5,"Discover the cutting-edge technology and sleek design of the iPhone 13 Pro. This premium smartphone boasts a stunning Super Retina XDR display with ProMotion for smooth scrolling and an immersive viewing experience. Equipped with the powerful A15 Bionic chip, it delivers lightning-fast performance for all your multitasking needs.

Capture every moment in unparalleled detail with the advanced triple-camera system, featuring ProRAW capabilities and Night mode. Elevate your selfies with TrueDepth technology and create cinematic-quality videos in Dolby Vision HDR.

Enjoy secure authentication with Face ID, stay connected at high-speeds thanks to 5G compatibility, and experience longer battery life than ever before. With durable Ceramic Shield protection on both its front and back glass panels, the iPhone 13 Pro is built to withstand everyday wear-and-tear.

Choose from a range of stylish colors like Graphite, Gold, Silver or Sierra Blue that suit your unique style. Upgrade to the iPhone 13 Pro and immerse yourself in a world of innovation and refinement in the palm of your hand."
1.2,300,1.5,0.0,"Introducing the iPhone 13 Pro – where innovation meets impeccable design to elevate your mobile experience like never before. With its stunning A15 Bionic chip, this powerhouse device offers unparalleled performance, making every task fast and efficient.

Capture your most memorable moments in exceptional detail with the advanced triple-camera system, featuring Ultra Wide, Wide, and Telephoto lenses that deliver professional-quality photos and videos. The Super Retina XDR display brings your content to life with vibrant colors and true blacks, providing a visual feast for your eyes.

Experience all-day battery life and lightning-fast 5G connectivity, allowing you to stay connected, stream seamlessly, and power through your day without missing a beat. And with enhanced durability, including Ceramic Shield and industry-leading water resistance, the iPhone 13 Pro is built to withstand whatever comes your way.

Immerse yourself in a world of possibilities with the iPhone 13 Pro – the ultimate combination of cutting-edge technology and sleek sophistication. Elevate your mobile experience today."
1.2,300,1.5,1.5,"Introducing the iPhone 13 Pro, a powerful and innovative flagship smartphone designed for those who demand the best. With its stunning Super Retina XDR display, you’ll experience unparalleled clarity and vibrancy in every photo, video, or game.

The iPhone 13 Pro is equipped with an advanced A15 Bionic chip that delivers lightning-fast performance to handle any task effortlessly. Its incredible battery life ensures you stay connected throughout your day without missing a beat.

Capture breathtaking photos and cinematic videos with the triple-camera system featuring improved low-light performance and enhanced optical zoom capabilities. The onboard photography tools allow you to unleash your creativity like never before.

Stay secure while enjoying convenience with Face ID technology – unlocking your device has never been easier or more futuristic. And with industry-leading durability features such as Ceramic Shield front cover glass and water resistance up to 6 meters for 30 minutes, your phone will last through all of life’s adventures.

Meticulously crafted from high-quality materials both inside and out, the iPhone 13 Pro combines cutting-edge technology with elegant design elements that elevate it above the competition. Experience innovation at its finest - experience the iPhone 13 Pro today!"
